Workbook

Sheet JuriKurumici
A1: Adı-Soyadı | B1: Akademik Ünvan | C1: Fakülte (Kadrosu) | D1: Bölüm (Kadrosu)
A2: Abdullah Burak POLAT | B2: Prof.Dr. | C2: ELEKTRİK- ELEK. FAKÜLTESİ | D2: ELEK. VE HAB.MÜH.BÖL
A3: Abdurrahman Kamuran KADIPAŞAOĞLU | B3: Doç.Dr. | C3: ELEKTRİK- ELEK. FAKÜLTESİ | D3: BİYOMEDİKAL MÜH.
A4: Abdürrezzak Emin BOZDOĞAN | B4: Prof.Dr. | C4: FEN-EDEBİYAT FAKÜLTESİ | D4: KİMYA
A5: Adem BAKKALOĞLU | B5: Prof.Dr. | C5: KİMYA-METALURJİ FAKÜLTESİ | D5: MET.VE MALZEME MÜH.BÖL.
A6: Adem Cengiz ÇEVİKEL | B6: Doç.Dr. | C6: EĞİTİM FAKÜLTESİ | D6: MATEMATİK VE FEN BİLİMLERİ EĞİTİMİ
A7: Afife Binnaz HAZAR | B7: Prof.Dr. | C7: KİMYA-METALURJİ FAKÜLTESİ | D7: MET.VE MALZEME MÜH.BÖL.
A8: Ahmet KOYUN | B8: Prof.Dr. | C8: MAKİNE FAKÜLTESİ | D8: MEKATRONİK MÜH.
A9: Ahmet ÖZDEŞ | B9: Öğr.Gör. Dr. | C9: ELEKTRİK- ELEK. FAKÜLTESİ | D9: ELEKTRİK MÜH.
A10: Ahmet SAĞIN | B10: Dr.Öğr.Üyesi | C10: KİMYA-METALURJİ FAKÜLTESİ | D10: MET.VE MALZEME MÜH.BÖL.
A11: Ahmet ÇELİK | B11: Dr.Öğr.Üyesi | C11: MAKİNE FAKÜLTESİ | D11: MAKİNE MÜH.
A12: Ahmet DEMİR | B12: Prof.Dr. | C12: İNŞAAT FAKÜLTESİ | D12: ÇEVRE MÜH.
... A782: Zühal TURGUT | B782: Prof.Dr. | C782: FEN-EDEBİYAT FAKÜLTESİ | D782: KİMYA

Sheet BasvuruListesi
A1: OgrenciNo | B1: OgrenimTipAdi | C1: AnabilimdaliAdi | D1: ProgramAdi | E1: Tez Başlığı | F1: AdSoyad | G1: TcPasaPortNo | H1: EMail | I1: CepTel | J1: GsisKayitTarihi | K1: MezuniyetYayinKontrolDurumAdi | L1: TezDanismanAdi | M1: YayinSarti | N1: PatentSayisi | O1: ProjeSayisi | P1: UBildiriSayisi | Q1: UMakaleSayisi | R1: UABildiriSayisi | S1: UAMakaleSayisi
A2: 15549023 | B2: Tezli Yüksek Lisans | C2: Elektrik Müh. | D2: Elektrik Tesisleri | E2: Zaman Serileri Yöntemleri İle Yenilenebilir Enerji Kaynaklarının Güç Üretim Tahminlenmesi | F2: Feyza TURAN | G2: 53947181974 | H2: feyzaozcanf@gmail.com | I2: (0554) 322-2775 | J2: 42244 | K2: Kabul Edildi | L2: Dr. Öğr. Üyesi Bedri KEKEZOĞLU | M2: Var | N2: 0 | O2: 0 | P2: 0 | Q2: 0 | R2: 0 | S2: 1
A3: 8520017 | B3: Tezli Yüksek Lisans | C3: Kimya Müh. | D3: Kimya Müh. | E3: Gözenekli Hidrojel Sentezi Ve Karakterizasyonu | F3: Mustafa ÇANKAYA | G3: 27239610404 | H3: m.cankaya77@yahoo.com.tr | I3: (0555) 625-2356 | J3: 39710 | K3: Kabul Edildi | L3: Doç. Dr. OSMAN İSMAİL | M3: Yok | N3: 0 | O3: 0 | P3: 0 | Q3: 0 | R3: 0 | S3: 0
A4: 17520015 | B4: Tezli Yüksek Lisans | C4: Kimya Müh. | D4: Kimya Müh. | E4: Proton Geçirimli Membran Tipi Yakıt Hücrelerinde Gaz Difüzyon Tabakasının Modifikasyonu Ve Modellenmesi | F4: Şeyma KİL | G4: 13991419478 | H4: kseyma.94@gmail.com | I4: (0531) 962-3277 | J4: 42923 | K4: Kabul Edildi | L4: Prof. Dr. Hasan SADIKOĞLU | M4: Var | N4: 0 | O4: 0 | P4: 0 | Q4: 0 | R4: 1 | S4: 0
A5: 13552019 | B5: Tezli Yüksek Lisans | C5: Makine Müh. | D5: Makine Teorisi ve Kontrol | E5: Kinetik Enerji Geri Kazanım Sistemi Tasarımı | F5: Aykut DANA | G5: 53155731336 | H5: aykutdana@gmail.com | I5: (0545) 767-6739 | J5: 41682 | K5: Kabul Edildi | L5: Doç. Dr. CİHAN DEMİR | M5: Var | N5: 0 | O5: 0 | P5: 1 | Q5: 0 | R5: 0 | S5: 0
A6: 11550009 | B6: Tezli Yüksek Lisans | C6: Harita Müh. | D6: Uzaktan Algılama ve CBS | E6: Bım Modellerının Olusturulmasında Genellestırme Yaklasımlarının Uygulanması | F6: Serdar KAYA | G6: 26576508368 | H6: serdarr.kayaa@gmail.com | I6: (0507) 614-9461 | J6: 40806 | K6: Kabul Edildi | L6: Dr. Öğr. Üyesi Alper Şen | M6: Yok | N6: 0 | O6: 0 | P6: 0 | Q6: 0 | R6: 0 | S6: 0
A7: 17554034 | B7: Tezli Yüksek Lisans | C7: Biyomühendislik | D7: Biyomühendislik | E7: Grafen Oksit Temelli Nanokompozit Üretiminin Optimizasyonu Ve Fotokatalitik Antibakteriyel Aktivitesinin Araştırılması | F7: Gizem DEMİR | G7: 46897732242 | H7: gizemddemirr11@gmail.com | I7: (0531) 511-5314 | J7: 42926 | K7: Kabul Edildi | L7: Doç. Dr. CEM BÜLENT ÜSTÜNDAĞ | M7: Var | N7: 0 | O7: 0 | P7: 1 | Q7: 0 | R7: 0 | S7: 0
A8: 165A3005 | B8: Tezli Yüksek Lisans | C8: Fen Bil. ve Mat. Eğitimi - Fen Bilgisi Eğitimi | D8: Fen Bilgisi Eğitimi | E8: Cıddı Oyunların İlköğretım 5.Sınıf Öğrencılerın Fen Bılımlerı Dersıne Karşı Tutumlarına Etkısı | F8: Emine SENA TOPRAK YALLIHEP | G8: 24101483722 | H8: sntoprak@gmail.com | I8: (0507) 378-5676 | J8: 42584 | K8: Kabul Edildi | L8: Doç. Dr. Hakan AKÇAY | M8: Var | N8: 0 | O8: 0 | P8: 0 | Q8: 0 | R8: 1 | S8: 0
A9: 98532105 | B9: Tezli Yüksek Lisans | C9: Mimarlık | D9: Mimari Tasarım | E9: Alvaro Siza Mimarlığı | F9: İbrahim BAKIR | G9: 38599442598 | H9: ibrahimbakir@hotmail.com | I9: (0554) 348-5616 | J9: 40772 | K9: Taslak | L9: Doç. Dr. YASEMEN SAY ÖZER | M9: Yok | N9: 0 | O9: 0 | P9: 0 | Q9: 0 | R9: 0 | S9: 0
A10: 15567022 | B10: Tezli Yüksek Lisans | C10: Kontrol ve Otomasyon Müh. | D10: Kontrol ve Otomasyon Müh. | E10: Mobil Robotların Senkronizasyonu | F10: Abduljabbar ABDULJABBAR | G10: 99695317852 | H10: abduljabbarkhudhur@gmail.com | I10: (0537) 411-9588 | J10: 42265 | K10: Kabul Edildi | L10: Dr. Öğr. Üyesi Janset Dasdemir | M10: Var | N10: 0 | O10: 0 | P10: 0 | Q10: 0 | R10: 1 | S10: 0
A11: 13506010 | B11: Tezli Yüksek Lisans | C11: Endüstri Müh. | D11: Endüstri Müh. | E11: İşletmelerde Müşteri Deneyiminin Müşteri Sadakati Ve Hizmet Kalitesi İle İlişkisi | F11: Esra ERGİN | G11: 15202748582 | H11: esraergin@outlook.com | I11: (0543) 593-6642 | J11: 41460 | K11: Kabul Edildi | L11: Doç. Dr. Bahadır Gülsün | M11: Var | N11: 0 | O11: 0 | P11: 1 | Q11: 0 | R11: 0 | S11: 0
A12: 15561004 | B12: Tezli Yüksek Lisans | C12: Mimarlık | D12: Konut Üretimi ve Yapım Yönetimi | E12: Kamu Özel İş Birliği Yatırımlarına Ait Finansal Risklerin Tasarım Sürecinde Yönetimi (Kaynaşlı Kültür Merkezi Binası Örneği) | F12: Mahmuthan ÇAKIR | G12: 71335158452 | H12: mahmuthancakir@gmail.com | I12: (0532) 765-9403 | J12: 42181 | K12: Kabul Edildi | L12: Doç. Dr. SERHAT BAŞDOĞAN | M12: Var | N12: 0 | O12: 0 | P12: 1 | Q12: 0 | R12: 0 | S12: 0
A13: 17535003 | B13: Tezli Yüksek Lisans | C13: Mimarlık | D13: Yapı | E13: Açık Yeşil Alanların Kullanıcı Ve Çevre Açısından İrdelenmesi: Yahya Kemal (Serencebey) Parkı Örneği | F13: Özlem ERDOĞAN | G13: 49909396920 | H13: ozlem-erdogan94@hotmail.com | I13: (0538) 371-6292 | J13: 42923 | K13: Kabul Edildi | L13: Doç. Dr. M. Zafer AKDEMİR | M13: Var | N13: 0 | O13: 0 | P13: 1 | Q13: 0 | R13: 0 | S13: 0
A14: 16530004 | B14: Tezli Yüksek Lisans | C14: Mimarlık | D14: Bina Araştırma ve Planlama | E14: Olimpiyatların Kentsel Dönüşüm Üzerindeki Etkisi | F14: Merve ÇELİK | G14: 27148589396 | H14: mervecelikka@gmail.com | I14: (0531) 083-4348 | J14: 42583 | K14: Kabul Edildi | L14: Doç. Dr. Kunter Manisa | M14: Var | N14: 0 | O14: 0 | P14: 0 | Q14: 0 | R14: 1 | S14: 0
A15: 9504001 | B15: Tezli Yüksek Lisans | C15: Elektronik ve Haberleşme Müh. | D15: Elektronik | E15: Evrimsel Algoritmalar Kullanarak Analog Devre Tasarımı | F15: Tuğba SAATÇI AYTEN | G15: 28894708512 | H15: saatcitugba@yahoo.com | I15: (0505) 675-0497 | J15: 40079 | K15: Kabul Edildi | L15: Prof. Dr. Tülay YILDIRIM | M15: Yok | N15: 0 | O15: 0 | P15: 0 | Q15: 0 | R15: 0 | S15: 0
A16: 15535019 | B16: Tezli Yüksek Lisans | C16: Mimarlık | D16: Yapı | E16: Isı Ve Su Yalıtımı Uygulamaları Üzerine Bir Çalışma | F16: Hümeyra ŞENTÜRK | G16: 33277047980 | H16: humeyrasenturk@gmail.com | I16: (0555) 874-1874 | J16: 42395 | K16: Kabul Edildi | L16: Doç. Dr. Erkan AVLAR | M16: Var | N16: 0 | O16: 0 | P16: 1 | Q16: 0 | R16: 0 | S16: 0
A17: 15530010 | B17: Tezli Yüksek Lisans | C17: Mimarlık | D17: Bina Araştırma ve Planlama | E17: Mikroalgler Kullanılarak Tasarlanan Fotobiyoreaktör Sistemlerinin Mimari Tasarım Disiplinine Aktarılmasındaki Sorunlar | F17: Yunus TURAN PEKMEZCİ | G17: 21049712860 | H17: y.turanpekmezci@gmail.com | I17: (0554) 229-1038 | J17: 42188 | K17: Kabul Edildi | L17: Doç. Dr. Funda Öztürk Kerestecioğlu | M17: Var | N17: 0 | O17: 0 | P17: 0 | Q17: 0 | R17: 0 | S17: 1
A18: 16520005 | B18: Tezli Yüksek Lisans | C18: Kimya Müh. | D18: Kimya Müh. | E18: Farmakolojik Olarak Aktif Bileşenlerin Sentezi | F18: Canan ÇAVAŞ | G18: 58039599996 | H18: canancavass@gmail.com | I18: (0506) 884-8026 | J18: 42583 | K18: Kabul Edildi | L18: Doç. Dr. Elçin DEMİRHAN YILMAZ | M18: Var | N18: 0 | O18: 0 | P18: 1 | Q18: 0 | R18: 0 | S18: 0
A19: 12527004 | B19: Tezli Yüksek Lisans | C19: Metalürji ve Malzeme Müh. | D19: Malzeme | E19: Polimerik İmplant Kullanımında Karşılaşılan Problemlerin Yaratıcı Problem Çözme Teorisi İle Değerlendirilmesi | F19: Şerife ÖZTÜRK | G19: 56122586038 | H19: ozturk__serife@hotmail.com | I19: (0538) 322-2695 | J19: 41162 | K19: Kabul Edildi | L19: Doç. Dr. Cem AKÇA | M19: Yok | N19: 0 | O19: 0 | P19: 0 | Q19: 0 | R19: 0 | S19: 0
A20: 13507003 | B20: Doktora | C20: Fizik | D20: Fizik | E20: Bakterilerin (Escherichia Coli Ve Enterococcus Faecalis) Gözenekli Silisyum Yüzeyinde Depolanmasında Elektrik Alanın Etkisi | F20: Sevinç GÜLER | G20: 26416617946 | H20: sevinc7yildirim@gmail.com | I20: (0535) 729-8063 | J20: 41460 | K20: Kabul Edildi | L20: Doç. Dr. Çiğdem Oruç | M20: Var | N20: 0 | O20: 0 | P20: 0 | Q20: 0 | R20: 0 | S20: 1
A21: 15505043 | B21: Tezli Yüksek Lisans | C21: Elektronik ve Haberleşme Müh. | D21: Haberleşme | E21: 3 Boyutlu Uzayda Ve Kapalı Ortamlarda Bir Mobil Robotun Konum Ve Hedef Tespiti | F21: Ban İSAM RASHİD ALBAYATİ | G21: 99587331690 | H21: banmoon99@gmail.com | J21: 42285 | K21: Kabul Edildi | L21: Dr. Öğr. Üyesi serkan kurt | M21: Var | N21: 0 | O21: 0 | P21: 0 | Q21: 1 | R21: 0 | S21: 0
A22: 12504018 | B22: Tezli Yüksek Lisans | C22: Elektronik ve Haberleşme Müh. | D22: Elektronik | E22: Aktif Elamanlar İle Faz İlerlemeli, Gecikmeli Kompansatör Ve Kontrolör Devrelerinin Tasarımı | F22: Yusuf BUZCU | G22: 39094330922 | H22: yusufbuzcu@gmail.com | I22: (0507) 610-7727 | J22: 41164 | K22: Kabul Edildi | L22: Dr. Öğr. Üyesi Umut Engin AYTEN | M22: Yok | N22: 0 | O22: 0 | P22: 0 | Q22: 0 | R22: 0 | S22: 0
A23: 13554001 | B23: Tezli Yüksek Lisans | C23: Biyomühendislik | D23: Biyomühendislik | E23: Sıcak Eriyik Ekstrüzyon Teknolojisi İle Posakonazol Etken Maddesinin Çözünürlüğünü Artırmak İçin Hidrofilik Polimerlerin Kullanımı | F23: Ayla AKINCIOĞLU | G23: 58141431030 | H23: ayla_minaz@hotmail.com | I23: (0543) 420-8559 | J23: 41459 | K23: Kabul Edildi | L23: Doç. Dr. Mehmet Murat ÖZMEN | M23: Var | N23: 0 | O23: 0 | P23: 0 | Q23: 0 | R23: 1 | S23: 0
A24: 13505035 | B24: Tezli Yüksek Lisans | C24: Elektronik ve Haberleşme Müh. | D24: Haberleşme | E24: Renk Özelliği Kullanılmadan Nesne Hareket Tespiti Ve Görüntü İşleme İle Nesne Takibi | F24: Mehmet UZUN | G24: 25795800994 | H24: uzunmehmet1988@hotmail.com | I24: (0539) 838-6708 | J24: 43348 | K24: Kabul Edildi | L24: Dr. Öğr. Üyesi Lale ÖZYILMAZ | M24: Var | N24: 0 | O24: 0 | P24: 0 | Q24: 0 | R24: 0 | S24: 1
A25: 15520062 | B25: Tezli Yüksek Lisans | C25: Kimya Müh. | D25: Kimya Müh. | E25: Çoklu Döküm Alçı Kalıp Karakterizasyonu Ve Kurutma Parametrelerinin Belirlenmesi | F25: Erman LEVENT TEMELKURAN | G25: 52207121088 | H25: leventtemelkuran@gmail.com | I25: (0535) 899-2001 | J25: 42401 | K25: Kabul Edildi | L25: Doç. Dr. Yasemen Kalpaklı | M25: Var | N25: 0 | O25: 0 | P25: 0 | Q25: 0 | R25: 1 | S25: 0
A26: 14554034 | B26: Doktora | C26: Biyomühendislik | D26: Biyomühendislik | E26: Kısa, Orta Ve Uzun Dönem Kan Şeker Ölçümlerini Eş Zamanlı Gerçekleştiren Yeni Bir Ölçüm Yöntemi Geliştirilmesi | F26: Duygu ÜNER BAHAR | G26: 45043527886 | H26: duygu.uner1@gmail.com | I26: (0530) 222-9144 | J26: 42037 | K26: Kabul Edildi | L26: Prof. Dr. İbrahim IŞILDAK | M26: Var | N26: 0 | O26: 0 | P26: 0 | Q26: 0 | R26: 0 | S26: 1
A27: 13508011 | B27: Doktora | C27: Gemi İnşaatı ve Gemi Mak. Müh. | D27: Gemi İnşaatı ve Gemi Mak. Müh. | E27: Enerji Sistemlerinin Performans Ve Boyut Optimizasyonu: Yapısal Gelişim Teorisi | F27: Ümit GÜNEŞ | G27: 57994375706 | H27: umitgunes87@gmail.com | I27: (0506) 558-8033 | J27: 41519 | K27: Kabul Edildi | L27: Prof. Dr. Bahri Şahin | M27: Var | N27: 0 | O27: 0 | P27: 0 | Q27: 0 | R27: 0 | S27: 1
A28: 15567023 | B28: Tezli Yüksek Lisans | C28: Elektrik Müh. | D28: Elektrik Müh - Kontrol ve Otomasyon | E28: Dört Rotorlu Hava Araçlarıiçin Doğrusal Olmayan Kontrol Yöntemlerinin İncelenmesi | F28: Fahed SAYED | G28: 42299170958 | H28: fahed0999@gmail.com | I28: (0531) 610-5141 | J28: 42265 | K28: Kabul Edildi | L28: Dr. Öğr. Üyesi Türker Türker | M28: Var | N28: 0 | O28: 0 | P28: 0 | Q28: 0 | R28: 1 | S28: 0
A29: 12524003 | B29: Tezli Yüksek Lisans | C29: Makine Müh. | D29: Konstrüksiyon | E29: Mekanik Dübellerin Dinamik Yük Etkiler Altında Yapısal Olarak İncelenmesi | F29: Gökhan SAMET KORKMAZ | G29: 17431614782 | H29: gokhansametkorkmaz@gmail.com | I29: (0505) 805-5871 | J29: 41163 | K29: Kabul Edildi | L29: Dr. Öğr. Üyesi BERNA BOLAT | M29: Yok | N29: 0 | O29: 0 | P29: 0 | Q29: 0 | R29: 0 | S29: 0
A30: 13550016 | B30: Tezli Yüksek Lisans | C30: Harita Müh. | D30: Uzaktan Algılama ve CBS | E30: Openstreetmap Verilerindeki Bina Çokgenlerinin Büyük Ölçekli Topografik Harita Verileri İle Karşılaştırmalı Geometrik Kalite Analizi | F30: Özge ECE ERDEN | G30: 31084089766 | H30: zgeece.erden@gmail.com | I30: (0506) 941-5144 | J30: 41520 | K30: Kabul Edildi | L30: Prof. Dr. Ali Melih Başaraner | M30: Var | N30: 0 | O30: 0 | P30: 0 | Q30: 0 | R30: 1 | S30: 0
A31: 13549007 | B31: Tezli Yüksek Lisans | C31: Elektrik Müh. | D31: Elektrik Tesisleri | E31: Nesnelerin Internetinde Kullanılan Haberleşme Protokollerinde Emniyet | F31: İsmail KARADEMİR | G31: 25043177458 | H31: i.karademir@yandex.com | I31: (0537) 394-9882 | J31: 41459 | K31: Kabul Edildi | L31: Dr. Öğr. Üyesi Janset Daşdemir | M31: Var | N31: 0 | O31: 0 | P31: 0 | Q31: 0 | R31: 1 | S31: 0
A32: 12568106 | B32: Tezli Yüksek Lisans | C32: Mekatronik Müh. | D32: Mekatronik Müh. | E32: İnsansız Hava Araçlarında Kontrol Uygulamaları | F32: Caner ÇOPUR | G32: 10313510318 | H32: canercopur59@hotmail.com | I32: (0532) 765-6548 | J32: 41317 | K32: Kabul Edildi | L32: Prof. Dr. Vasfi Emre ÖMÜRLÜ | M32: Var | N32: 0 | O32: 0 | P32: 0 | Q32: 0 | R32: 1 | S32: 0
A33: 15520043 | B33: Tezli Yüksek Lisans | C33: Kimya Müh. | D33: Kimya Müh. | E33: Nanoselüloz Dolgulu Sodyum Aljinat/Polivinil Alkol Matrisli Membranların Hazırlanması Karakterizasyonu Ve Alkol Su Karışımlarını Ayırma Performansının İncelenmesi | F33: Ali BEKİR SEVER | G33: 36265116774 | H33: alibekirsever@hotmail.com | I33: (0536) 568-7905 | J33: 42389 | K33: Taslak | L33: Dr. Öğr. Üyesi İlknur KÜÇÜK | M33: Var | N33: 0 | O33: 0 | P33: 0 | Q33: 0 | R33: 1 | S33: 0
... A69: 15555015 | B69: Tezli Yüksek Lisans | C69: Elektrik Müh. | D69: Elektrik Mak. ve Güç Elektroniği | E69: Led Sürücü Devresinin Tasarım Ve Simülasyonu | F69: Murat TUNCER | G69: 28528063598 | H69: murattunceriu@gmail.com | I69: (0506) 394-4516 | J69: 42247 | K69: Kabul Edildi | L69: Dr. Öğr. Üyesi Burak AKIN | M69: Var | N69: 0 | O69: 0 | P69: 0 | Q69: 0 | R69: 1 | S69: 0
A70: F0715035 | B70: Tezli Yüksek Lisans | C70: Fizik | D70: Fizik | E70: Kimyasal Püskürtme Yöntemiyle Homojenliği Arttıracak Sisleştirici/Püskürtme Odacık Sisteminin Geliştirilmesi Ve Farklı Malzemelerde Uygulanması | F70: Melıs ÖZŞAHİN | G70: 10675401644 | H70: melis_ozsahin@hotmail.com | I70: (0533) 622-2988 | J70: 42394 | K70: Kabul Edildi | L70: Prof. Dr. Orhan İÇELLİ | M70: Var | N70: 0 | O70: 0 | P70: 0 | Q70: 0 | R70: 1 | S70: 0
A71: 16508012 | B71: Tezli Yüksek Lisans | C71: Gemi İnşaatı ve Gemi Mak. Müh. | D71: Gemi İnşaatı ve Gemi Mak. Müh. | E71: Yat Tasarımı Ve Üretimde 3D Printer Kullanımı | F71: Şükrü ORÇUN TAŞ | G71: 26560019368 | H71: orcunsukru@gmail.com | I71: (0506) 650-8100 | J71: 42585 | K71: Kabul Edildi | L71: Dr. Öğr. Üyesi Bekir ŞENER | M71: Var | N71: 0 | O71: 0 | P71: 0 | Q71: 0 | R71: 1 | S71: 0
A72: 10501205 | B72: Doktora | C72: Bilgisayar Müh. | D72: Bilgisayar Müh. | E72: Nöropatik Ağrı Tanı Ve Tedavisinde Kullanılacak Kortıkal Ölçev Sistemının Donanım Olarak Gerçeklenmesi | F72: Coşkun KAZMA | G72: 18964955298 | H72: coskun.kazma@gmail.com | I72: (0533) 562-7819 | J72: 40445 | K72: Kabul Edildi | L72: Prof. Dr. Nizamettin Aydın | M72: Var | N72: 0 | O72: 0 | P72: 0 | Q72: 0 | R72: 1 | S72: 0
A73: 14557004 | B73: Tezli Yüksek Lisans | C73: Şehir ve Bölge Planlama | D73: Şehir Planlama | E73: Kentsel Dönüşümde Örgütlenme Kapasitesinin Kentsel Rekabet Gücüne Etkisi "Bayrampaşa Eski Cezaevi Kentsel Dönüşüm Projesi Örneği" | F73: Samettin MURAT AYAN | G73: 39545147918 | H73: murat.ayan257@gmail.com | I73: (0507) 287-6148 | J73: 41828 | K73: İptal Edildi | L73: Dr. Öğr. Üyesi Ercan KOÇ | M73: Var | N73: 0 | O73: 0 | P73: 1 | Q73: 0 | R73: 0 | S73: 0
A74: 13533007 | B74: Tezli Yüksek Lisans | C74: Mimarlık | D74: Mimarlık Tarihi ve Kuramı | E74: Iı. Abdülhamid Dönemi İtibarıyla Kentsel Modernleşme Hareketleri Ve Değişen İstanbul Düzeni | F74: Sümeyye ŞURA YÜCEL | G74: 21709188196 | H74: ssura19@hotmail.com | I74: (0554) 433-5860 | J74: 41459 | K74: Kabul Edildi | L74: Dr. Öğr. Üyesi Zafer SAĞDIÇ | M74: Var | N74: 0 | O74: 0 | P74: 0 | Q74: 0 | R74: 1 | S74: 0
A75: 15523020 | B75: Tezli Yüksek Lisans | C75: Makine Müh. | D75: İmal Usulleri | E75: Alüminyum Ekstrüzyon Profillerinde Görülen Hataların Analizi | F75: Utku DEMİR | G75: 35737056006 | H75: utkudemir134@gmail.com | I75: (0555) 205-3366 | J75: 42391 | K75: Kabul Edildi | L75: Prof. Dr. Ayşegül AKDOĞAN EKER | M75: Var | N75: 0 | O75: 0 | P75: 0 | Q75: 0 | R75: 1 | S75: 0
A76: 14535009 | B76: Tezli Yüksek Lisans | C76: Mimarlık | D76: Yapı | E76: Kemaliye Geleneksel Konutlarında Sistem Kuruluşunun İncelenmesi | F76: Fatih HÜSREVOĞLU | G76: 57676084834 | H76: fatihhusrevoglu@gmail.com | I76: (0541) 638-3863 | J76: 41879 | K76: Kabul Edildi | L76: Doç. Dr. Mehmet Zafer AKDEMİR | M76: Var | N76: 0 | O76: 0 | P76: 1 | Q76: 0 | R76: 0 | S76: 0
A77: 15532006 | B77: Tezli Yüksek Lisans | C77: Mimarlık | D77: Mimari Tasarım | E77: İstanbul Tarihi Yarımada’Nın Marka Açısından İrdelenmesi | F77: Hatice LİVANUR DANIŞIK | G77: 60748042168 | H77: liva.nurdan.isik@gmail.com | I77: (0506) 228-8890 | J77: 42187 | K77: İptal Edildi | L77: Prof. Dr. Nazlı Ferah AKINCI | M77: Var | N77: 0 | O77: 0 | P77: 0 | Q77: 0 | R77: 1 | S77: 0
A78: 14546008 | B78: Tezli Yüksek Lisans | C78: Endüstri Müh. | D78: Sistem Müh. | E78: Telekomünikasyon Sektöründe Aboneliklerini İptal Edecek Müşterilerin Yapay Öğrenme Yöntemleri İle Tahmin Edilmesi | F78: Ayşe ŞENYÜREK | G78: 35200070546 | H78: aysesenyurek@gmail.com | I78: (0542) 561-1124 | J78: 41886 | K78: Kabul Edildi | L78: Doç. Dr. Selçuk Alp | M78: Var | N78: 0 | O78: 0 | P78: 0 | Q78: 0 | R78: 1 | S78: 0
A79: 13527003 | B79: Tezli Yüksek Lisans | C79: Metalürji ve Malzeme Müh. | D79: Malzeme | E79: Otomotiv Sektöründe Kullanılmak Üzere Alüminyum Matrisli Seramik Partikül Takviyeli Kompozit Malzemeler | F79: Gamze KAYIKCİ | G79: 40514158828 | H79: gamzekayikci2609@gmail.com | I79: (0541) 267-1461 | J79: 41463 | K79: Kabul Edildi | L79: Prof. Dr. Ahmet TOPUZ | M79: Var | N79: 0 | O79: 1 | P79: 0 | Q79: 0 | R79: 0 | S79: 0
A80: 9521007 | B80: Tezli Yüksek Lisans | C80: Makine Müh. | D80: Enerji | E80: Kombine Çevrim Santrallerinin Termodinamik Ve Termoekonomil Analizi | F80: Raşit YÜCE GÜR | G80: 24230436576 | H80: rasit_gur@hotmail.com | I80: (0539) 582-6224 | J80: 40071 | K80: Kabul Edildi | L80: Doç. Dr. BURHANETTİN ÇETİN | M80: Yok | N80: 0 | O80: 0 | P80: 0 | Q80: 0 | R80: 0 | S80: 0
A81: 15567016 | B81: Tezli Yüksek Lisans | C81: Kontrol ve Otomasyon Müh. | D81: Kontrol ve Otomasyon Müh. | E81: Hava Araçlarında Kullanılan Jet Motorunun Donanım Çevriminde Modellenmesi Ve Kontrolü | F81: Olcay KARADENİZ | G81: 36157411536 | H81: karadeniz.olcay26@gmail.com | I81: (0507) 328-7555 | J81: 42191 | K81: Kabul Edildi | L81: Prof. Dr. Şeref Naci Engin | M81: Var | N81: 0 | O81: 0 | P81: 0 | Q81: 0 | R81: 1 | S81: 0
A82: 17552002 | B82: Tezli Yüksek Lisans | C82: Makine Müh. | D82: Makine Teorisi ve Kontrol | E82: Plak Titreşimlerinin Aktif Kontrolü | F82: Onur TUNA | G82: 33157918546 | H82: onurtuna95@gmail.com | I82: (0543) 474-2530 | J82: 42921 | K82: Kabul Edildi | L82: Doç. Dr. Semih SEZER | M82: Var | N82: 0 | O82: 0 | P82: 0 | Q82: 0 | R82: 1 | S82: 0
... A96: 9521102 | B96: Tezli Yüksek Lisans | C96: Makine Müh. | D96: Enerji | E96: Sürüş Özelliklerinden Sarsıntı Önleyici Fonksiyonun Nesnel Metriklerinin Belirlenmesi Ve İncelenmesi | F96: Ahmed ARSLANTÜRK | G96: 32104060758 | H96: ahmedarslanturk@gmail.com | I96: (0536) 958-3035 | J96: 40224 | K96: Kabul Edildi | L96: Doç. Dr. AlpTekin ERGENÇ | M96: Yok | N96: 0 | O96: 0 | P96: 0 | Q96: 0 | R96: 0 | S96: 0
A97: 14534012 | B97: Tezli Yüksek Lisans | C97: Mimarlık | D97: Rölöve-Restorasyon | E97: Hersek Bölgesi’Nde Xvı. - Xx. Yy’Da Taş Minareli Küçük Camilerinin Tarihsel Gelişimleri, Yapım Teknikleri Ve Bileça Hasan Paşa Predoyeviç Cami | F97: Dzemal SKREBO | G97: 99586204070 | H97: skrebodzemal@gmail.com | J97: 41827 | K97: Kabul Edildi | L97: Prof. Dr. Can BİNAN | M97: Var | N97: 0 | O97: 0 | P97: 1 | Q97: 0 | R97: 0 | S97: 0
A98: 16561007 | B98: Tezli Yüksek Lisans | C98: Mimarlık | D98: Konut Üretimi ve Yapım Yönetimi | E98: Gayrimenkul Projelerinde Yapı Üretim Süreci Odaklı Kalite Yönetimi Uygulamaları | F98: Şeyda SULUDERE | G98: 38470265162 | H98: seyda.suludere@gmail.com | I98: (0545) 457-5256 | J98: 42586 | K98: Kabul Edildi | L98: Doç. Dr. CANDAN ÇINAR ÇITAK | M98: Var | N98: 0 | O98: 0 | P98: 0 | Q98: 0 | R98: 1 | S98: 0
A99: 14505038 | B99: Tezli Yüksek Lisans | C99: Elektronik ve Haberleşme Müh. | D99: Haberleşme | E99: Güvenli, Performanslı Ve Yapay Zeka İçerikli Yazılım Tanımlı Ağların Oluşturulması | F99: Fevzi FATİH ÇAKMAK | G99: 24320542552 | H99: fevzifatihcakmak@gmail.com | I99: (0505) 160-7876 | J99: 41886 | K99: Kabul Edildi | L99: Doç. Dr. Hacı İLHAN | M99: Var | N99: 0 | O99: 0 | P99: 0 | Q99: 0 | R99: 1 | S99: 0
A100: 15506007 | B100: Tezli Yüksek Lisans | C100: Endüstri Müh. | D100: Endüstri Müh. | E100: Yapay Sinir Ağları Yöntemiyle Türkiye’Nin Aylık Elektrik Tüketimi Tahmini | F100: Ezgi POLAT | G100: 33445759202 | H100: eezgipolat@gmail.com | I100: (0536) 580-093 | J100: 42181 | K100: Kabul Edildi | L100: Doç. Dr. Nezir AYDIN | M100: Var | N100: 0 | O100: 0 | P100: 0 | Q100: 0 | R100: 1 | S100: 0
A101: 14508008 | B101: Tezli Yüksek Lisans | C101: Gemi İnşaatı ve Gemi Mak. Müh. | D101: Gemi İnşaatı ve Gemi Mak. Müh. | E101: Yatlarda Helikopter Güvertesi Yapısal Tasarımının Farklı Klas Kuruluşlarına Göre Karşılaştırılması | F101: Mahir ÇAKMAK | G101: 62356100698 | H101: mahircakmak@gmail.com | I101: (0555) 635-2458 | J101: 41876 | K101: Taslak | L101: Dr. Öğr. Üyesi Bekir Şener | M101: Yok | N101: 0 | O101: 0 | P101: 0 | Q101: 0 | R101: 0 | S101: 0
A102: 13570032 | B102: Tezli Yüksek Lisans | C102: Gıda Müh. | D102: Gıda Müh. | E102: Tam Buğday Unlu Ekşi Hamurun Bisküvi Üretiminde Kullanımının Bisküvi Kalite Özelliklerine Etkisi | F102: Tuba ALİOGLU | G102: 59533416444 | H102: tbalioglu@gmail.com | J102: 41654 | K102: Kabul Edildi | L102: Dr. Öğr. Üyesi Görkem ÖZÜLKÜ | M102: Var | N102: 0 | O102: 0 | P102: 0 | Q102: 0 | R102: 1 | S102: 0
A103: 15558007 | B103: Tezli Yüksek Lisans | C103: Şehir ve Bölge Planlama | D103: Kentsel Mekan Organizasyon - Tasarım | E103: Aktarma Merkezi Kavramı Ve İstanbul’Da Raylı Sistem İstasyonları Odaklı Bir Değerlendirme | F103: Ayşenur GURBETOĞLU | G103: 42001999228 | H103: aysenurgurbetoglu@gmail.com | I103: (0549) 792-0377 | J103: 42390 | K103: Kabul Edildi | L103: Doç. Dr. Cenk HAMAMCIOĞLU | M103: Var | N103: 0 | O103: 0 | P103: 0 | Q103: 0 | R103: 1 | S103: 0
A104: 14543023 | B104: Tezli Yüksek Lisans | C104: İstatistik | D104: İstatistik | E104: Sezgisel Algoritmalar İle Portföy Optimizasyonu | F104: Ceyda KURTULMUŞ | G104: 14441379700 | H104: ceydakrtlms@gmail.com | I104: (0507) 346-7879 | J104: 42016 | K104: Kabul Edildi | L104: Doç. Dr. Gülder KEMALBAY | M104: Var | N104: 0 | O104: 0 | P104: 0 | Q104: 0 | R104: 1 | S104: 0
A105: 15534012 | B105: Tezli Yüksek Lisans | C105: Mimarlık | D105: Rölöve-Restorasyon | E105: Alanya Kaleiçi Kalelerinin Tarihsel Gelişimi Ve Koruma Önerileri | F105: Serhat SÖNMEZ | G105: 18820387478 | H105: serhatsonmez@yandex.com | I105: (0506) 497-0092 | J105: 42187 | K105: Kabul Edildi | L105: Dr. Öğr. Üyesi UZAY YERGÜN | M105: Var | N105: 0 | O105: 0 | P105: 1 | Q105: 0 | R105: 0 | S105: 0
A106: 15520031 | B106: Tezli Yüksek Lisans | C106: Kimya Müh. | D106: Kimya Müh. | E106: Akrilamid Esaslı Hidrojellerin Su Absorpsiyonuna Farklı Monomerlerin Etkisinin Kinetik Olarak İncelenmesi | F106: Aslıhan KÜÇÜK | G106: 27392553792 | H106: aslihankucuk03@hotmail.com | I106: (0545) 868-5993 | J106: 42389 | K106: Kabul Edildi | L106: Doç. Dr. Osman İSMAİL | M106: Var | N106: 0 | O106: 0 | P106: 1 | Q106: 0 | R106: 0 | S106: 0
A107: 14570003 | B107: Doktora | C107: Gıda Müh. | D107: Gıda Müh. | E107: Türkiye’De Bulunan Meyan Türlerinin Bazı Biyoaktif Madde İçerikleri Bakımından Karşılaştırılarak Fonksiyonel Toz İçecek Eldesinde Kullanılması | F107: Fahriye ŞEYMA ÖZCAN | G107: 25312324620 | H107: f.s.bayraktar@hotmail.com | I107: (0554) 744-4334 | J107: 41827 | K107: Kabul Edildi | L107: Prof. Dr. OSMAN SAĞDIÇ | M107: Var | N107: 0 | O107: 0 | P107: 0 | Q107: 0 | R107: 0 | S107: 1
A108: 14504034 | B108: Tezli Yüksek Lisans | C108: Elektronik ve Haberleşme Müh. | D108: Elektronik | E108: Oled’Ler İçin Yaşlanma Analizi | F108: Eren BERK ERDOĞAN | G108: 26153491618 | H108: erenberk1991@gmail.com | I108: (0535) 632-2156 | J108: 42016 | K108: Kabul Edildi | L108: Dr. Öğr. Üyesi Nihan Kahraman | M108: Var | N108: 0 | O108: 0 | P108: 0 | Q108: 0 | R108: 1 | S108: 0
A109: 6555002 | B109: Tezli Yüksek Lisans | C109: Elektrik Müh. | D109: Elektrik Mak. ve Güç Elektroniği | E109: Nesnelerin İnterneti Tabanlı Endüstri 4.0 Sanayi Uygulaması | F109: Fatih EROĞLU | G109: 29393350790 | H109: eroglu.fatih@yahoo.com | I109: (0507) 447-8642 | J109: 40772 | K109: Kabul Edildi | L109: Dr. Öğr. Üyesi Engin AYÇİÇEK | M109: Yok | N109: 0 | O109: 0 | P109: 0 | Q109: 0 | R109: 0 | S109: 0
A110: 16530009 | B110: Tezli Yüksek Lisans | C110: Mimarlık | D110: Bina Araştırma ve Planlama | E110: Parametrik Tasarımın Sürdürülebilir Mimarlıkta Kullanılabilirliği Üzerine | F110: Ahmet FARUK TEMELLİ | G110: 62101055426 | H110: faruktemelli@gmail.com | I110: (0531) 222-1565 | J110: 42584 | K110: Kabul Edildi | L110: Doç. Dr. Ayşen CİRAVOĞLU | M110: Var | N110: 0 | O110: 0 | P110: 1 | Q110: 0 | R110: 0 | S110: 0
A111: 14536004 | B111: Tezli Yüksek Lisans | C111: Mimarlık | D111: Yapı Fiziği | E111: Mevcut Bir Binanın Yenilenmesinde Pasif Ve Aktif Seçeneklerin Enerji Verimliliği Ve Maliyet Açısından Değerlendirilmesi | F111: Taygun YÜKSEL | G111: 36610698290 | H111: taygunyuksel@gmail.com | I111: (0532) 167-8224 | J111: 41823 | K111: Kontrol Aşamasında | L111: Prof. Dr. Gülay ZORER GEDİK | M111: Var | N111: 0 | O111: 0 | P111: 0 | Q111: 1 | R111: 0 | S111: 0
A112: 15508030 | B112: Tezli Yüksek Lisans | C112: Gemi İnşaatı ve Gemi Mak. Müh. | D112: Gemi İnşaatı ve Gemi Mak. Müh. | E112: Tersanelerde Çok Amaçlı Karar Verme Yöntemleri İle Proje Yönetimi | F112: Orçun BALBAŞ | G112: 24301610164 | H112: orcun.balbas@gmail.com | I112: (0554) 528-1411 | J112: 42391 | K112: Kabul Edildi | L112: Dr. Öğr. Üyesi EDA TURAN | M112: Var | N112: 0 | O112: 0 | P112: 0 | Q112: 1 | R112: 0 | S112: 0
A113: 14507011 | B113: Tezli Yüksek Lisans | C113: Fizik | D113: Fizik | E113: Kuantum Bilgi Teorisi Üzerine Bir Çalışma | F113: Emriye ERSOY | G113: 39754843632 | H113: emriye.ersogan@gmail.com | I113: (0507) 094-8614 | J113: 41879 | K113: Kabul Edildi | L113: Prof. Dr. ZEYNEL YALÇIN | M113: Var | N113: 0 | O113: 0 | P113: 0 | Q113: 0 | R113: 1 | S113: 0
A114: 15552016 | B114: Tezli Yüksek Lisans | C114: Makine Müh. | D114: Makine Teorisi ve Kontrol | E114: Çift Kavramalı Şanzımanın Sürünme Tork Kontrolü | F114: Kaan OZGOKHAN | G114: 16403338930 | H114: kozgokhan@yahoo.com | I114: (507) 760-2667 | J114: 42191 | K114: Kabul Edildi | L114: Doç. Dr. Hakan Yazıcı | M114: Var | N114: 0 | O114: 0 | P114: 0 | Q114: 0 | R114: 1 | S114: 0
... A136: 16506010 | B136: Tezli Yüksek Lisans | C136: Endüstri Müh. | D136: Endüstri Müh. | E136: Otomotiv Sektöründe Bir Sürecin Otomasyon Sistemine Geçiş Kararının Çok Kriterli Karar Verme Yaklaşımı İle Analizi | F136: Öykü IŞIKSUNGUR | G136: 43405502946 | H136: isiksunguroyku@gmail.com | I136: (0542) 560-5223 | J136: 42584 | K136: Kabul Edildi | L136: Doç. Dr. BAHADIR GÜLSÜN | M136: Var | N136: 0 | O136: 0 | P136: 0 | Q136: 0 | R136: 1 | S136: 0
A137: 15552001 | B137: Tezli Yüksek Lisans | C137: Makine Müh. | D137: Makine Teorisi ve Kontrol | E137: Yuvarlanmalı Yatakların Sonlu Elemanlar Yöntemi İle Modellenmesi Ve Ömür Hesapları | F137: Mustafa KOC | G137: 37687290776 | H137: koccmustafa@gmail.com | J137: 42180 | K137: Kabul Edildi | L137: Doç. Dr. Mehmet BOZCA | M137: Var | N137: 0 | O137: 0 | P137: 0 | Q137: 0 | R137: 1 | S137: 0
A138: 14523033 | B138: Tezli Yüksek Lisans | C138: Makine Müh. | D138: İmal Usulleri | E138: Alüminyum Alaşımlarının Sürtünme Karıştırma Kaynağında Kaynak Parametrelerinin Dikiş Kalitesine Etkileri | F138: Halil GÖKHAN ŞANSEVEN | G138: 15695110132 | H138: hgsanseven@gmail.com | I138: (0533) 470-4426 | J138: 42041 | K138: Kabul Edildi | L138: Doç. Dr. Tolga MERT | M138: Var | N138: 0 | O138: 0 | P138: 0 | Q138: 0 | R138: 1 | S138: 0
A139: 14528009 | B139: Tezli Yüksek Lisans | C139: Metalürji ve Malzeme Müh. | D139: Üretim | E139: Shs (Kendi İlerleyen Yüksek Sıcaklık Sentezi) Yöntemiyle Üretilen Co Ve Cr Takviyeli Tabakalı Nial Alaşımının Mikroyapı Ve Mekanik Özelliklerinin İncelenmesi | F139: İbahim BİLİZ | G139: 63721369726 | H139: ibrahim.biliz@batman.edu.tr | I139: (0544) 922-5863 | J139: 42041 | K139: İptal Edildi | L139: Prof. Dr. Adem BAKKALOĞLU | M139: Var | N139: 0 | O139: 0 | P139: 0 | Q139: 0 | R139: 0 | S139: 1
A140: 11558005 | B140: Tezli Yüksek Lisans | C140: Şehir ve Bölge Planlama | D140: Şehir Planlama | E140: Kentin, Mekansal Gelişmesinin Yönlendirilmesinde Stratejik Yaklaşım; Kentsel Tasarım-Projeler İlişkisi | F140: Müge FAİZ | G140: 55381542014 | H140: muge.faiz@gmail.com | I140: (0534) 261-1085 | J140: 40806 | K140: Kabul Edildi | L140: Prof. Dr. HÜSEYİN CENGİZ | M140: Yok | N140: 0 | O140: 0 | P140: 0 | Q140: 0 | R140: 0 | S140: 0
A141: 165A5002 | B141: Tezli Yüksek Lisans | C141: Fen Bil. ve Mat. Eğitimi - Fen Bilgisi Eğitimi | D141: Fen Bilgisi Eğitimi (İngilizce) | E141: Biyomimikrinin Fen Bil. Eğitimine Uyarlanması | F141: Merve ÇOBAN | G141: 35011702414 | H141: mervecoban92@gmail.com | I141: (0537) 872-6511 | J141: 42583 | K141: Kabul Edildi | L141: Prof. Dr. Bayram COŞTU | M141: Var | N141: 0 | O141: 0 | P141: 0 | Q141: 0 | R141: 1 | S141: 0
A142: 14570007 | B142: Doktora | C142: Gıda Müh. | D142: Gıda Müh. | E142: Vakumda Kurutulmuş Kıymanın Hazır Çorba Üretiminde Kullanılması Ve Raf Ömrünün Belirlenmesi | F142: Aslı AKSOY | G142: 16937330776 | H142: aksoyas@gmail.com | I142: (0530) 409-9744 | J142: 41827 | K142: Kabul Edildi | L142: Dr. Öğr. Üyesi Salih Karasu | M142: Var | N142: 0 | O142: 0 | P142: 0 | Q142: 0 | R142: 0 | S142: 1
A143: 15534004 | B143: Tezli Yüksek Lisans | C143: Mimarlık | D143: Rölöve-Restorasyon | E143: Merzifon'Da Geleneksel Konut Mimarisi Ve Sait Büyükgüner Evi Koruma Önerisi | F143: Gizem BÜYÜKGÜNER | G143: 16603430328 | H143: gizembuyukguner@gmail.com | I143: (0542) 405-6404 | J143: 42184 | K143: Kabul Edildi | L143: Doç. Dr. Ayten Erdem | M143: Var | N143: 0 | O143: 0 | P143: 0 | Q143: 0 | R143: 1 | S143: 0
A144: 9534005 | B144: Tezli Yüksek Lisans | C144: Mimarlık | D144: Rölöve-Restorasyon | E144: İstanbul’Daki Su Terazilerinin Koruma Ve Değerlendirilmesi | F144: Gonca AKSU | G144: 26177492288 | H144: aksugonca@gmail.com | I144: (0533) 259-6952 | J144: 40074 | K144: Kabul Edildi | L144: Dr. Öğr. Üyesi Ö. Faruk TUNCER | M144: Yok | N144: 0 | O144: 0 | P144: 0 | Q144: 0 | R144: 0 | S144: 0
A145: 12504012 | B145: Tezli Yüksek Lisans | C145: Elektrik Müh. | D145: Elektrik Müh. Tezsiz Yüksek Lisans 1.Öğretim | E145: Sanal Özel Ağ Servislerinde Yedeklilik Teknikleri Ve Uygulamaları | F145: Dilara AYDIN | G145: 24769361592 | H145: dilaraaydin10@gmail.com | I145: (0545) 763-6900 | J145: 41163 | K145: Kabul Edildi | L145: Dr. Öğr. Üyesi HACI İLHAN | M145: Yok | N145: 0 | O145: 0 | P145: 0 | Q145: 0 | R145: 0 | S145: 0
A146: 15550022 | B146: Tezli Yüksek Lisans | C146: Harita Müh. | D146: Uzaktan Algılama ve CBS | E146: Yol Ağı Kavşaklarında Trafik Akışının Simülasyonu Ve Konfigürasyondaki Değişim Etkilerinin Araştırılması | F146: Can BOZ | G146: 18433878912 | H146: can_boz22@yahoo.com.tr | I146: (0542) 428-1366 | J146: 42391 | K146: Kabul Edildi | L146: Doç. Dr. Fatih Gülgen | M146: Var | N146: 0 | O146: 0 | P146: 1 | Q146: 0 | R146: 0 | S146: 0
A147: 14532025 | B147: Tezli Yüksek Lisans | C147: Mimarlık | D147: Mimari Tasarım | E147: Afet Sonrası Kalıcı Konutlarda Katılımcı Yaklaşım | F147: Cafer MUSTAFA ÇETİNDAŞ | G147: 14786150798 | H147: mustafa_cetindas@hotmail.com | I147: (0506) 361-3421 | J147: 42013 | K147: Kabul Edildi | L147: Doç. Dr. M. Tolga AKBULUT | M147: Var | N147: 0 | O147: 0 | P147: 1 | Q147: 0 | R147: 0 | S147: 0
A148: 16572002 | B148: Tezli Yüksek Lisans | C148: Kimya | D148: Kimya (İngilizce) | E148: Ultraviyole Kürleştirilebilen Fosfor İçerikli Alev Geciktirici Polimer Sentezi Ve Karakterizasyonu | F148: Dilek KAÇMAZ | G148: 11903620226 | H148: dlk.kcmz@gmail.com | I148: (0534) 953-3794 | J148: 42586 | K148: Kabul Edildi | L148: Prof. Dr. Tarık Eren | M148: Var | N148: 0 | O148: 0 | P148: 0 | Q148: 0 | R148: 1 | S148: 0
A149: 15520053 | B149: Tezli Yüksek Lisans | C149: Kimya Müh. | D149: Kimya Müh. | E149: Aromatik Bitkilerden Mikrodalga Ekstraksiyon Yönetimi İle Uçucu Yağ Eldesinin Optimizasyonu | F149: Nureddin NUMAN ÖZTÜRK | G149: 12761897898 | H149: numanozturk55@gmail.com | I149: (0534) 969-4243 | J149: 42391 | K149: Kabul Edildi | L149: Doç. Dr. Elçin Demirhan Yılmaz | M149: Var | N149: 0 | O149: 0 | P149: 0 | Q149: 0 | R149: 1 | S149: 0
A150: 16505009 | B150: Tezli Yüksek Lisans | C150: Elektronik ve Haberleşme Müh. | D150: Haberleşme | E150: 4G Lte Baz İstasyonları İçin Çok Bantlı Filtre Tasarımı | F150: Sabri YILMAZ | G150: 36598770780 | H150: sbrylmz@yahoo.com | I150: (0533) 423-7409 | J150: 42583 | K150: Kabul Edildi | L150: Dr. Öğr. Üyesi Hakan Paşa Partal | M150: Var | N150: 0 | O150: 0 | P150: 0 | Q150: 0 | R150: 1 | S150: 0
A151: 15506017 | B151: Tezli Yüksek Lisans | C151: Endüstri Müh. | D151: Endüstri Müh. | E151: Dayanıklı Tüketim Sektöründe Satış Sonrası Servis Ağı Tasarımı: İstanbul İli İçin Bir Uygulama | F151: Ezgi YOLVER | G151: 27634984384 | H151: eyolver@gmail.com | I151: (0537) 403-4503 | J151: 42187 | K151: Kabul Edildi | L151: Prof. Dr. Umut Rıfat Tuzkaya | M151: Var | N151: 0 | O151: 0 | P151: 1 | Q151: 0 | R151: 0 | S151: 0
A152: 9534015 | B152: Tezli Yüksek Lisans | C152: Mimarlık | D152: Rölöve-Restorasyon | E152: İstanbul Çamlıca’Da 19. Yüzyıla Ait Ahmet Celaleddin Paşa Köşkü İçin Koruma Ve Restorasyon Önerisi | F152: Müge HALİLOĞLU | G152: 25886188826 | H152: haliloglu.muge@gmail.com | I152: (0532) 650-2388 | J152: 40080 | K152: Kabul Edildi | L152: Doç. Dr. Doç. Dr. Aynur ÇİFTÇİ | M152: Yok | N152: 0 | O152: 0 | P152: 0 | Q152: 0 | R152: 0 | S152: 0
A153: 9529004 | B153: Tezli Yüksek Lisans | C153: Mimarlık | D153: Bilgisayar Ortamında Mimarlık | E153: Etkileşimli Mimarlık Çerçevesinde Mekânın Adaptasyon Potansiyelleri | F153: Deniz YAZICI | G153: 27995006558 | H153: denizyazici8@gmail.com | I153: (0505) 597-8488 | J153: 40074 | K153: Kabul Edildi | L153: Prof. Dr. ŞEBNEM YALINAY ÇİNİCİ | M153: Yok | N153: 0 | O153: 0 | P153: 0 | Q153: 0 | R153: 0 | S153: 0
... A176: 13557004 | B176: Tezli Yüksek Lisans | C176: Şehir ve Bölge Planlama | D176: Kentsel Dönüşüm ve Planlama | E176: Kentsel Dönüşüm Projeleri İle Değişime Uğrayan Kent Mekanı | F176: Güneş GENÇER ÖZDEMİR | G176: 13481469556 | H176: gunesgencer@hotmail.com | I176: (0536) 981-7144 | J176: 41464 | K176: Kabul Edildi | L176: Dr. Öğr. Üyesi Ayfer YAZGAN | M176: Var | N176: 0 | O176: 0 | P176: 1 | Q176: 0 | R176: 0 | S176: 0
A177: 13502011 | B177: Tezli Yüksek Lisans | C177: Çevre Müh. | D177: Çevre Müh. | E177: Metal Sanayi Atıksularından Membran Distilasyonu İle Metal Giderimi | F177: Elif PALA | G177: 20971805596 | H177: elifpala3435@mail.com | J177: 41464 | K177: Kabul Edildi | L177: Doç. Dr. ERTAN ARSLANKAYA | M177: Var | N177: 0 | O177: 0 | P177: 1 | Q177: 0 | R177: 0 | S177: 0
A178: 13507019 | B178: Doktora | C178: Fizik | D178: Fizik | E178: İletken Polimer Kompozitlerin Sentezi Yapısal Ve Elektriksel Özelliklerinin Belirlenmesi | F178: Seda ERDÖNMEZ | G178: 26990471750 | H178: sedaerdonmez@gmail.com | I178: (5346) 400-201 | J178: 41464 | K178: Kabul Edildi | L178: Doç. Dr. Zeynep GÜVEN ÖZDEMİR | M178: Var | N178: 0 | O178: 0 | P178: 0 | Q178: 0 | R178: 0 | S178: 1
A179: 16530016 | B179: Tezli Yüksek Lisans | C179: Mimarlık | D179: Bina Araştırma ve Planlama | E179: Bina Cephelerinde Görsel Etki Çözümlemesi | F179: Erva TALAY | G179: 63577098634 | H179: ervatalay@gmail.com | I179: (0534) 087-6230 | J179: 42614 | K179: Kabul Edildi | L179: Doç. Dr. Senem KAYMAZ KOCA | M179: Var | N179: 0 | O179: 0 | P179: 0 | Q179: 0 | R179: 1 | S179: 0
A180: 16536014 | B180: Tezli Yüksek Lisans | C180: Mimarlık | D180: Yapı Fiziği | E180: Aydınlatma Tasarımında Bilgisayar Programlarının Yeri | F180: Şevket BARAN YÜCEL | G180: 23126643210 | H180: sbaranyucel@gmail.com | I180: (0507) 927-7100 | J180: 42586 | K180: Kabul Edildi | L180: Prof. Dr. Rengin ÜNVER | M180: Var | N180: 0 | O180: 0 | P180: 1 | Q180: 0 | R180: 0 | S180: 0
A181: 16554050 | B181: Tezli Yüksek Lisans | C181: Biyomühendislik | D181: Biyomühendislik | E181: Micrococcus Luteus Metabolitlerinin, Helicobacter Pylori’Nin Kokoid Formu Üzerindeki Etkisinin İncelenmesi. | F181: Didem AKTAŞ | G181: 33547766450 | H181: didem.aktas1992@gmail.com | I181: (0545) 450-9780 | J181: 42779 | K181: Kabul Edildi | L181: Dr. Öğr. Üyesi Melahat Bağırova | M181: Var | N181: 0 | O181: 0 | P181: 1 | Q181: 0 | R181: 0 | S181: 0
A182: 13533003 | B182: Tezli Yüksek Lisans | C182: Mimarlık | D182: Mimarlık Tarihi ve Kuramı | E182: İznik Roma Tiyatrosu Mimari Bezemesi Ve Bithynia Bölgesi Tiyatroları Arasındaki Yeri Ve Önemi | F182: Özlem AKBAŞ ÖNSOY | G182: 35206424084 | H182: ozlem.calipso@gmail.com | I182: (0533) 428-8597 | J182: 41505 | K182: Kabul Edildi | L182: Prof. Dr. NUR URFALIOĞLU | M182: Var | N182: 0 | O182: 0 | P182: 0 | Q182: 1 | R182: 0 | S182: 0
A183: 14509010 | B183: Tezli Yüksek Lisans | C183: İnşaat Müh. | D183: Geoteknik | E183: Kemaliye Evleri Düz Damlarında Kullanılan Sıkıştırılmış Kil Zeminlerin Hidrolik İletkenliğine Mineral Katkıların Etkisi | F183: Alper KOYUTÜRK | G183: 25106016472 | H183: alperkoyuturk@gmail.com | I183: (0533) 370-1831 | J183: 41879 | K183: Kabul Edildi | L183: Doç. Dr. Saadet A. BERİLGEN | M183: Var | N183: 0 | O183: 0 | P183: 0 | Q183: 0 | R183: 1 | S183: 0
A184: 10525104 | B184: Tezli Yüksek Lisans | C184: Matematik | D184: Matematik | E184: Bulanık Lineer Regresyon | F184: Murat ÇOBANOĞLU | G184: 28429960088 | H184: muratcobanoglu@msn.com | I184: (0505) 481-0085 | J184: 40584 | K184: Kabul Edildi | L184: Prof. Dr. Fatma TİRYAKİ | M184: Yok | N184: 0 | O184: 0 | P184: 0 | Q184: 0 | R184: 0 | S184: 0
A185: 16512009 | B185: Tezli Yüksek Lisans | C185: İnşaat Müh. | D185: Ulaştırma | E185: Kentsel Dönüşüm Alanlarında Ulaşım Odaklı Yaklaşımın Kuzey Ankara Girişi Projesi Örneği Üzerinden İrdelenmesi | F185: Cafer YAZICIOĞLU | G185: 29924299512 | H185: cyazicioglu53@gmail.com | I185: (0534) 572-5423 | J185: 42586 | K185: Kabul Edildi | L185: Doç. Dr. Halit ÖZEN | M185: Var | N185: 0 | O185: 0 | P185: 1 | Q185: 0 | R185: 0 | S185: 0
A186: 16536001 | B186: Tezli Yüksek Lisans | C186: Mimarlık | D186: Yapı Fiziği | E186: Sıcak Nemli İklim Bölgelerinde Pasif Ve Aktif Nem Kontrolü İle Soğutma Enerjisi Yükünün Azaltılması-Adana`Da Güncel Konut Üretiminde İrdelenmesi | F186: Nesim DOĞUŞ YELEKÇİ | G186: 10012425128 | H186: nesimdogus@gmail.com | I186: (0537) 932-0784 | J186: 42583 | K186: Kabul Edildi | L186: Doç. Dr. Mehmet Zafer AKDEMİR | M186: Var | N186: 0 | O186: 0 | P186: 1 | Q186: 0 | R186: 0 | S186: 0
A187: 11556102 | B187: Tezli Yüksek Lisans | C187: Şehir ve Bölge Planlama | D187: Kentsel Koruma ve Planlama | E187: Yaşam Koşullarındaki Değişimin Tarihi Yerleşimler Üzerindeki Etkileri, Muğla Örneği | F187: Selin DEMİREL KARACASULU | G187: 47479651104 | H187: sselindemirel@gmail.com | I187: (0555) 682-7616 | J187: 40953 | K187: Kabul Edildi | L187: Doç. Dr. Elif ÖRNEK ÖZDEN | M187: Yok | N187: 0 | O187: 0 | P187: 0 | Q187: 0 | R187: 0 | S187: 0
A188: 9523008 | B188: Tezli Yüksek Lisans | C188: Makine Müh. | D188: İmal Usulleri | E188: Soğuk Sac Haddelenmesinde Verimlilik Ve Kalite | F188: Hayrettin BİTARAF | G188: 63280182088 | H188: hayrettinbitaraf@gmail.com | I188: (0555) 527-7969 | J188: 40071 | K188: Kabul Edildi | L188: Prof. Dr. M. Emin Yurci | M188: Yok | N188: 0 | O188: 0 | P188: 0 | Q188: 0 | R188: 0 | S188: 0
A189: 13549040 | B189: Tezli Yüksek Lisans | C189: Elektrik Müh. | D189: Elektrik Tesisleri | E189: Gerilim Trafosuz Akıllı Dağıtım Koruması | F189: Fazlı ALPASLAN | G189: 30368027166 | H189: fzlpsln@gmail.com | I189: (0505) 310-8969 | J189: 41680 | K189: Kabul Edildi | L189: Dr. Öğr. Üyesi Mustafa Baysal | M189: Var | N189: 0 | O189: 0 | P189: 0 | Q189: 0 | R189: 1 | S189: 0
... A212: 16595001 | B212: Tezli Yüksek Lisans | C212: Şehir ve Bölge Planlama | D212: Bölge Planlama | E212: Enerji Sistemindeki Çok-Düzeyli Değişim Çerçevesinde Toplum-Politika Geribildirim Döngülerinin Tasarlanması | F212: Ayşe VELİOĞLU | G212: 31367353270 | H212: aysevelioglu@windowslive.com | I212: (0535) 653-8588 | J212: 42585 | K212: Kabul Edildi | L212: Prof. Dr. Buket Ayşegül ÖZBAKIR | M212: Var | N212: 0 | O212: 1 | P212: 0 | Q212: 0 | R212: 0 | S212: 0
A213: 165A5005 | B213: Tezli Yüksek Lisans | C213: Fen Bil. ve Mat. Eğitimi - Fen Bilgisi Eğitimi | D213: Fen Bilgisi Eğitimi (İngilizce) | E213: Hikaye Anlatıcılığının Bilimsel Kavramların Öğretiminde Kullanılması | F213: Elif DEMİRCİ | G213: 48160222184 | H213: 1elifdemirci@gmail.com | I213: (0545) 672-8505 | J213: 42584 | K213: Kabul Edildi | L213: Prof. Dr. Bayram COŞTU | M213: Var | N213: 0 | O213: 0 | P213: 0 | Q213: 0 | R213: 1 | S213: 0
...

Sheet YL Jüri
A1: Bu tabloda | B1: 11558004 | C1: nolu öğrenci bilgileri getirilmiştir
A3: Öğrenci No: | B3: Öğrenci Adı-Soyadı: | C3: Ana Bilim Dalı | D3: Programı
A4: =VLOOKUP(B1,BasvuruListesi!A:S,1,0) -> 11558004 | B4: =VLOOKUP(B1,BasvuruListesi!A:S,6,0) -> Merve NUR GÜNEN | C4: =VLOOKUP(B1,BasvuruListesi!A:S,3,0) -> Şehir ve Bölge Planlama | D4: =VLOOKUP(B1,BasvuruListesi!A:K,4,0) -> Kentsel Mekan Organizasyon - Tasarım
A5: Gsis Kayıt Tarihi: | B5: =VLOOKUP(B1,BasvuruListesi!A:S,10,0) -> 40806
A6: Yayın Şartı | B6: =VLOOKUP(B1,BasvuruListesi!A:S,13,0) -> Yok
A7: Yayın | B7: =IF((VLOOKUP(B1,BasvuruListesi!A:S,14,0))>0, "PATENT", IF(VLOOKUP(B1,BasvuruListesi!A:S,15,0)>0,"PROJE", IF(VLOOKUP(B1,BasvuruListesi!A:S,16,0)>0,"UL Bildiri", IF(VLOOKUP(B1,BasvuruListesi!A:S,17,0)>0,"UL Makale", IF(VLOOKUP(B1,BasvuruListesi!A:S,18,0)>0,"UA Bildiri", IF(VLOOKUP(B1,BasvuruListesi!A:S,19,0)>0,"UA Makale","Yayın YOK" )))))) -> Yayın YOK
A8: Tez Başlığı (Online Sistem) | B8: =VLOOKUP(B1,BasvuruListesi!A:S,5,0) -> Tarihi Kent Dokusunda Kamusal Alan Tasarımı Bursa Hanlar Bölgesi Örneğinde Uygulanabirliğinin İncelenmesi
A9: Tez Başlığı(GSİS) | B9: Tarihi Kent Dokusunda Kamusal Alan Tasarımı Bursa Hanlar Bölgesi Örneğinde Uygulanabirliğinin İncelenmesi
A10: Danışman Adı-Soyadı: | B10: =VLOOKUP(B1,BasvuruListesi!A:S,12,0) -> Doç. Dr. N. HÜLYA BERKMEN
A11: Kurum İçi | B11: Unvan | C11: Ad-Soyad | D11: Ana Bilim Dalı
A12: Jüri-1 | B12: Doç. Dr. | C12: Cemal Cenk HAMAMCIOĞLU | D12: =VLOOKUP(Table1[[#This Row],[Ad-Soyad]],JuriKurumici!A1:D894,4) -> SEHİR BÖLGE PLAN.BÖL
A13: Jüri-2 | B13: =VLOOKUP(Table1[[#This Row],[Ad-Soyad]],JuriKurumici!A:D,2,0) -> Dr.Öğr.Üyesi | C13: Ali KILIÇ | D13: =VLOOKUP(Table1[[#This Row],[Ad-Soyad]],JuriKurumici!A1:D894,4) -> SEHİR BÖLGE PLAN.BÖL
A14: Jüri-3 | B14: =VLOOKUP(Table1[[#This Row],[Ad-Soyad]],JuriKurumici!A:D,2,0) -> Doç.Dr. | C14: Esin Özlem AKTUĞLU AKTAN | D14: =VLOOKUP(Table1[[#This Row],[Ad-Soyad]],JuriKurumici!A1:D894,4) -> SEHİR BÖLGE PLAN.BÖL
A15: Jüri-4 | B15: =VLOOKUP(Table1[[#This Row],[Ad-Soyad]],JuriKurumici!A:D,2,0) -> #N/A | D15: =VLOOKUP(Table1[[#This Row],[Ad-Soyad]],JuriKurumici!A1:D894,3,0) -> #N/A
A16: Kurum Dışı | B16: Unvan | C16: Ad-Soyad | D16: Ana Bilim Dalı
A17: Jüri-1 | B17: Doç. Dr. | C17: Pelin Pınar GİRİTLİOĞLU | D17: İÜ
A18: Jüri-2 | B18: Doç. Dr. | C18: Cem BEYGO | D18: İÜ
A19: Jüri-3 | B19: Dr. Öğr. Üyesi | C19: Dilek Erden ERBEY | D19: MSGSU
A20: Jüri-4 | B20: Doç. Dr. | C20: A. Erdem ERBAŞ | D20: MSGSU
D21: =VLOOKUP(Table1[Unvan],JuriKurumici!A:D,4,0) -> #N/A

Sheet YL Mezuniyet
A1: Bu tabloda | B1: 16504021 | C1: nolu öğrenci bilgileri getirilmiştir
A3: Öğrenci No: | B3: Adı-Soyadı: | C3: Ana Bilim Dalı | D3: Programı
A4: =VLOOKUP(B1,BasvuruListesi!A:S,1,0) -> 16504021 | B4: =VLOOKUP(B1,BasvuruListesi!A:S,6,0) -> Yunus EMRE FEDAR | C4: =VLOOKUP(B1,BasvuruListesi!A:S,3,0) -> Elektronik ve Haberleşme Müh. | D4: =VLOOKUP(B1,BasvuruListesi!A:K,4,0) -> Elektronik
A5: Tez Danışmanı: | B5: =VLOOKUP(B1,BasvuruListesi!A:S,12,0) -> Prof. Dr. Herman SEDEF
A6: Tez Başlığı: | B6: =VLOOKUP(B1,BasvuruListesi!A:S,5,0) -> Gelişmiş Mikrodenetleyici Kontrollü Akıllı Ev Otomasyonu
A7: Savunma Tarihi:
A8: Tez Teslim Tarihi:
A9: Gsis Kayıt Tarihi: | B9: =VLOOKUP(B1,BasvuruListesi!A:S,10,0) -> 42614
A10: Yayın Şartı: | B10: =VLOOKUP(B1,BasvuruListesi!A:S,13,0) -> Var
A11: Yayın: | B11: =IF((VLOOKUP(B1,BasvuruListesi!A:S,14,0))>0, "PATENT", IF(VLOOKUP(B1,BasvuruListesi!A:S,15,0)>0,"PROJE", IF(VLOOKUP(B1,BasvuruListesi!A:S,16,0)>0,"UL Bildiri", IF(VLOOKUP(B1,BasvuruListesi!A:S,17,0)>0,"UL Makale", IF(VLOOKUP(B1,BasvuruListesi!A:S,18,0)>0,"UA Bildiri", IF(VLOOKUP(B1,BasvuruListesi!A:S,19,0)>0,"UA Makale","Yayın YOK" )))))) -> UL Bildiri
A12: Durum: | B12: OYBİRLİĞİ/BAŞARILI

Sheet DR Jüri
A1: Bu tabloda | B1: 15549018 | C1: nolu öğrenci bilgileri getirilmiştir
A3: Öğrenci No: | B3: Öğrenci Adı-Soyadı: | C3: Ana Bilim Dalı | D3: Programı
A4: =VLOOKUP(B1,BasvuruListesi!A:S,1,0) -> 15549018 | B4: =VLOOKUP(B1,BasvuruListesi!A:S,6,0) -> İsmail CEM AÇIKGÖZ | C4: =VLOOKUP(B1,BasvuruListesi!A:S,3,0) -> Elektrik Müh. | D4: =VLOOKUP(B1,BasvuruListesi!A:K,4,0) -> Elektrik Tesisleri
A5: Gsis Kayıt Tarihi: | B5: =VLOOKUP(B1,BasvuruListesi!A:S,10,0) -> 42191
A6: Yayın Şartı | B6: =VLOOKUP(B1,BasvuruListesi!A:S,13,0) -> Var
A7: Yayın | B7: =IF((VLOOKUP(B1,BasvuruListesi!A:S,14,0))>0, "PATENT", IF(VLOOKUP(B1,BasvuruListesi!A:S,15,0)>0,"PROJE", IF(VLOOKUP(B1,BasvuruListesi!A:S,16,0)>0,"UL Bildiri", IF(VLOOKUP(B1,BasvuruListesi!A:S,17,0)>0,"UL Makale", IF(VLOOKUP(B1,BasvuruListesi!A:S,18,0)>0,"UA Bildiri", IF(VLOOKUP(B1,BasvuruListesi!A:S,19,0)>0,"UA Makale","Yayın YOK" )))))) -> UA Bildiri
A8: Tez Başlığı (Online Sistem) | B8: =VLOOKUP(B1,BasvuruListesi!A:S,5,0) -> Volan Ve Lı-Ion Batarya Enerji Depolama Sistemlerinin Kıyaslanması Ve Hibrit Enerji Depolama Sisteminin Farklı Yük Profilleri Üzerinde Performans Analizi
A9: Tez Başlığı(GSİS) | B9: Mikroşebekelerde Enerji Depolama Teknolojilerinin Ekonomik ve Performans Analizi
A10: Danışman Adı-Soyadı: | B10: =VLOOKUP(B1,BasvuruListesi!A:S,12,0) -> Dr. Öğr. Üyesi Mustafa BAYSAL
A11: TİK-1 (Kurum İçi)
A12: TİK-2 (Kurum Dışı)
A13: Kurum İçi | B13: Unvan | C13: Ad-Soyad | D13: Ana Bilim Dalı
A14: Jüri-1 | B14: =VLOOKUP(Table14[[#This Row],[Ad-Soyad]],JuriKurumici!A:D,2,0) -> Dr.Öğr.Üyesi | C14: Bedri KEKEZOĞLU | D14: =VLOOKUP(Table14[[#This Row],[Ad-Soyad]],JuriKurumici!A1:D894,4) -> ELEKTRİK MÜH.
A15: Jüri-2 | B15: =VLOOKUP(Table14[[#This Row],[Ad-Soyad]],JuriKurumici!A:D,2,0) -> Dr.Öğr.Üyesi | C15: Altuğ BOZKURT | D15: =VLOOKUP(Table14[[#This Row],[Ad-Soyad]],JuriKurumici!A1:D894,4) -> ELEKTRİK MÜH.
A16: Jüri-3 | B16: =VLOOKUP(Table14[[#This Row],[Ad-Soyad]],JuriKurumici!A:D,2,0) -> Dr.Öğr.Üyesi | C16: Oktay ARIKAN | D16: =VLOOKUP(Table14[[#This Row],[Ad-Soyad]],JuriKurumici!A1:D894,4) -> ELEKTRİK MÜH.
A17: Jüri-4 | B17: =VLOOKUP(Table14[[#This Row],[Ad-Soyad]],JuriKurumici!A:D,2,0) -> Doç.Dr. | C17: Recep YUMURTACI | D17: =VLOOKUP(Table14[[#This Row],[Ad-Soyad]],JuriKurumici!A1:D894,3,0) -> ELEKTRİK- ELEK. FAKÜLTESİ
A18: Kurum Dışı | B18: Unvan | C18: Ad-Soyad | D18: Üniversite Adı
A19: Jüri-1 | B19: Dr.Öğr.Üyesi | C19: Hakan AKÇA | D19: Gelişim Üni.
A20: Jüri-2 | B20: Dr.Öğr. Üyesi | C20: Abdulfetah SHOBOLE | D20: İZÜ
A21: Jüri-3 | B21: Dr.Öğr. Üyesi | C21: Oğuzhan CEYLAN | D21: Kadir Has Üni.
A22: Jüri-4 | B22: Dr.Öğr. Üyesi | C22: Mohammed WADI | D22: İZÜ

Sheet DR Mezuniyet
A1: Bu tabloda | B1: 16504021 | C1: nolu öğrenci bilgileri getirilmiştir
A3: Öğrenci No: | B3: Adı-Soyadı: | C3: Ana Bilim Dalı | D3: Programı
A4: =VLOOKUP(B1,BasvuruListesi!A:S,1,0) -> 16504021 | B4: =VLOOKUP(B1,BasvuruListesi!A:S,6,0) -> Yunus EMRE FEDAR | C4: =VLOOKUP(B1,BasvuruListesi!A:S,3,0) -> Elektronik ve Haberleşme Müh. | D4: =VLOOKUP(B1,BasvuruListesi!A:K,4,0) -> Elektronik
A5: Tez Danışmanı: | B5: =VLOOKUP(B1,BasvuruListesi!A:S,12,0) -> Prof. Dr. Herman SEDEF
A6: Tez Başlığı: | B6: =VLOOKUP(B1,BasvuruListesi!A:S,5,0) -> Gelişmiş Mikrodenetleyici Kontrollü Akıllı Ev Otomasyonu
A7: Savunma Tarihi:
A8: Tez Teslim Tarihi:
A9: Gsis Kayıt Tarihi: | B9: =VLOOKUP(B1,BasvuruListesi!A:S,10,0) -> 42614
A10: Yayın Şartı: | B10: =VLOOKUP(B1,BasvuruListesi!A:S,13,0) -> Var
A11: Yayın: | B11: =IF((VLOOKUP(B1,BasvuruListesi!A:S,14,0))>0, "PATENT", IF(VLOOKUP(B1,BasvuruListesi!A:S,15,0)>0,"PROJE", IF(VLOOKUP(B1,BasvuruListesi!A:S,16,0)>0,"UL Bildiri", IF(VLOOKUP(B1,BasvuruListesi!A:S,17,0)>0,"UL Makale", IF(VLOOKUP(B1,BasvuruListesi!A:S,18,0)>0,"UA Bildiri", IF(VLOOKUP(B1,BasvuruListesi!A:S,19,0)>0,"UA Makale","Yayın YOK" )))))) -> UL Bildiri
A12: Durum: | B12: OYBİRLİĞİ/BAŞARILI
